appid,name,developer,publisher,score_rank,positive,negative,userscore,owners,average_forever,average_2weeks,median_forever,median_2weeks,price,initialprice,discount,ccu
730,Counter-Strike: Global Offensive,Valve,Valve,,7642084,1173003,0,"100,000,000 .. 200,000,000",0,0,0,0,0,0,0,1013936
1172470,Apex Legends,Respawn,Electronic Arts,,668053,326926,0,"100,000,000 .. 200,000,000",0,0,0,0,0,0,0,124262
578080,PUBG: BATTLEGROUNDS,PUBG Corporation,"KRAFTON, Inc.",,1520457,1037487,0,"100,000,000 .. 200,000,000",0,0,0,0,0,0,0,314682
1623730,Palworld,Pocketpair,Pocketpair,,358266,22443,0,"50,000,000 .. 100,000,000",0,0,0,0,2099,2999,30,18028
440,Team Fortress 2,Valve,Valve,,1044264,117208,0,"50,000,000 .. 100,000,000",0,0,0,0,0,0,0,43819
1938090,Call of Duty: Modern Warfare II,"Treyarch, Raven Software, Beenox, High Moon Studios, Activision Shanghai, Sledgehammer Games, Infinity Ward, Demonware, Toys for Bob",Activision,,419594,294520,0,"50,000,000 .. 100,000,000",0,0,0,0,3849,6999,45,67419
1063730,New World: Aeternum,Amazon Games,Amazon Games,,196798,90080,0,"50,000,000 .. 100,000,000",0,0,0,0,5999,5999,0,5583
2358720,Black Myth: Wukong,Game Science,Game Science,,1111720,38378,0,"50,000,000 .. 100,000,000",0,0,0,0,5999,5999,0,15004
271590,Grand Theft Auto V Legacy,Rockstar North,Rockstar Games,,1739980,250576,0,"50,000,000 .. 100,000,000",0,0,0,0,0,0,0,67851
550,Left 4 Dead 2,Valve,Valve,,940221,23762,0,"50,000,000 .. 100,000,000",0,0,0,0,999,999,0,25122
